{
    "loss": 0.5941416621208191,
    "accuracy": 0.9482758641242981
}